task_id,arrival_time,workload_size,node_id,completion_time,finish_time,failed,retries
0,0.0,60.89,0,6.256609508196721,6.256609508196721,False,0
1,0.855,49.11,1,5.880011861575179,6.735011861575179,False,0
2,0.879,60.89,2,5.4728086894075405,6.351808689407541,False,0
3,1.039,49.11,3,5.199279746835443,6.238279746835443,False,0
4,1.377,49.11,4,4.3615171390611165,5.738517139061116,False,0
5,1.7,72.66,5,11.698272025723472,13.398272025723472,False,0
6,3.069,49.11,6,7.554623813169984,10.623623813169985,False,0
7,3.906,84.44,7,10.753066040609138,14.659066040609138,False,0
8,4.922,49.11,8,10.300728577405856,15.222728577405856,False,0
9,4.933,49.11,9,10.66195012987013,15.59495012987013,False,0
10,5.356,60.89,10,7.760125857687421,13.116125857687422,False,0
11,5.491,49.11,11,8.371780816326531,13.86278081632653,False,0
12,5.524,60.89,12,20.677487966101694,26.201487966101695,False,0
13,6.214,49.11,4,4.3615171390611165,10.575517139061116,False,0
14,7.33,60.89,0,6.256609508196721,13.586609508196721,False,0
15,8.559,60.89,1,7.285739785202864,15.844739785202863,False,0
16,9.22,40.44,2,3.6370815798922798,12.85708157989228,False,0
17,9.376,60.89,3,6.441895780590717,15.817895780590717,False,0
18,9.89,49.11,13,17.16647825783972,27.05647825783972,False,0
19,10.6,49.11,4,4.3615171390611165,14.961517139061115,False,0
20,12.553,49.11,6,7.554623813169984,20.107623813169987,False,0
21,12.859,40.44,2,3.6370815798922798,16.49608157989228,False,0
22,13.742,49.11,0,5.049642295081967,18.791642295081967,False,0
23,14.948,10.0,5,1.6243170418006432,16.572317041800645,False,0
24,15.637,49.11,4,4.3615171390611165,19.998517139061118,False,0
25,17.98,49.11,1,5.880011861575179,23.86001186157518,False,0
26,18.199,49.11,2,4.415358061041292,22.614358061041294,False,0
27,18.447,60.89,3,6.441895780590717,24.888895780590715,False,0
28,18.807,60.89,0,6.256609508196721,25.06360950819672,False,0
29,18.832,21.77,5,3.5166,22.3486,False,0
30,18.869,49.11,7,6.269563502538071,25.13856350253807,False,0
31,19.291,60.89,8,12.765163723849371,32.05616372384937,False,0
32,19.7,49.11,9,10.66195012987013,30.36195012987013,True,1
33,19.916,49.11,10,6.263302477763659,26.17930247776366,False,0
34,20.012,60.89,4,5.4049183790965465,25.416918379096547,False,0
35,20.422,49.11,6,7.554623813169984,27.976623813169986,False,0
36,20.631,49.11,11,8.371780816326531,29.00278081632653,False,0
37,21.186,10.0,14,3.8717638931297707,25.05776389312977,False,0
38,21.392,21.77,5,4.456600000000001,25.8486,False,0
39,21.487,84.44,14,35.79977152671756,57.28677152671756,False,0
40,21.606,49.11,2,5.4167961220825855,27.02279612208259,False,0
41,21.879,60.89,12,24.96316593220339,46.842165932203386,False,0
42,21.888,60.89,13,26.38450613240418,48.27250613240418,False,0
43,22.372,84.44,1,11.564384176610975,33.93638417661097,False,0
44,22.75,49.11,7,8.620797005076142,31.37079700507614,False,0
45,23.45,49.11,3,6.619275527426159,30.069275527426157,False,0
46,23.592,60.89,5,12.045989067524118,35.63798906752412,False,0
47,23.603,60.89,0,7.699339016393439,31.30233901639344,False,0
48,23.681,49.11,4,6.085785518157662,29.76678551815766,False,0
49,23.69,49.11,10,8.729454955527318,32.41945495552732,False,0
50,24.15,60.89,6,13.151279249617152,37.30127924961715,False,0
51,24.328,49.11,11,13.026821632653064,37.35482163265306,False,0
52,24.35,49.11,9,16.74182025974026,41.09182025974026,False,0
53,25.103,60.89,2,7.385684811490125,32.488684811490124,False,0
54,26.217,60.89,8,18.57765744769874,44.79465744769874,False,0
55,26.293,60.89,3,10.199271308016876,36.492271308016875,False,0
56,26.362,60.89,4,8.79805389725421,35.16005389725421,False,0
57,26.777,49.11,7,10.826030507614213,37.603030507614214,False,0
58,26.995,49.11,0,9.339101311475407,36.33410131147541,False,0
59,28.695,60.89,10,11.46143081321474,40.15643081321474,False,0
60,28.742,49.11,2,8.155122872531418,36.89712287253142,False,0
61,28.796,49.11,5,14.737487459807074,43.53348745980708,False,0
62,29.285,21.77,1,7.249236205250591,36.53423620525059,False,0
63,29.553,49.11,11,16.153862448979595,45.70686244897959,False,0
64,30.236,60.89,6,16.38993468606432,46.62593468606432,False,0
65,31.767,60.89,4,8.786322276350756,40.553322276350755,False,0
66,32.279,49.11,1,10.115618066825768,42.39461806682577,False,0
67,33.093,49.11,0,8.272863606557372,41.365863606557376,False,0
68,33.201,49.11,3,8.471651054852316,41.67265105485232,False,0
69,33.913,49.11,7,9.92226401015229,43.83526401015229,False,0
70,34.251,49.11,2,7.054560933572715,41.305560933572714,False,0
71,35.185,49.11,9,16.53669038961039,51.72169038961039,False,0
72,36.313,49.11,10,10.083583290978398,46.3965832909784,False,0
73,37.154,49.11,12,26.335623559322038,63.48962355932204,False,0
74,37.235,60.89,13,32.25353400696865,69.48853400696865,False,0
75,37.482,49.11,4,7.421189415411874,44.90318941541187,False,0
76,38.605,49.11,0,7.7926259016393455,46.397625901639344,False,0
77,39.4,60.89,2,7.371449622980254,46.771449622980256,False,0
78,39.478,60.89,3,8.617646835443031,48.095646835443034,False,0
79,39.601,10.0,1,3.986935489260139,43.58793548926014,False,0
80,40.839,60.89,5,12.48387652733119,53.32287652733119,False,0
81,42.168,49.11,1,7.280317350835317,49.44831735083532,False,0
82,42.357,56.0,7,8.58486299492386,50.94186299492386,False,0
83,43.032,49.11,8,12.036716025104601,55.0687160251046,False,0
84,43.033,60.89,11,13.02930462585034,56.062304625850345,False,0
85,43.391,49.11,4,5.862056554472991,49.25305655447299,False,0
86,43.76,60.89,6,12.190590122511486,55.950590122511485,False,0
87,44.032,60.89,10,10.101559148665824,54.133559148665825,False,0
88,45.476,49.11,0,5.85338819672131,51.32938819672131,True,1
89,47.026,60.89,2,5.4728086894075405,52.49880868940755,False,0
90,48.679,40.44,3,4.284722784810127,52.96372278481013,False,0
91,49.665,60.89,1,7.285739785202864,56.95073978520286,False,0
92,50.097,49.11,4,4.3615171390611165,54.458517139061115,False,0
93,51.118,49.11,7,6.269563502538071,57.38756350253807,False,0
94,53.162,60.89,0,6.256609508196721,59.418609508196724,False,0
95,54.35,60.89,2,5.4728086894075405,59.822808689407545,False,0
96,55.727,60.89,3,6.441895780590717,62.16889578059072,False,0
97,56.876,60.89,4,5.4049183790965465,62.28091837909655,False,0
98,57.88,60.89,1,7.285739785202864,65.16573978520287,False,0
99,58.929,49.11,5,7.912098392282958,66.84109839228296,False,0
100,59.297,49.11,6,7.554623813169984,66.85162381316998,False,0
101,59.74,49.11,0,5.049642295081967,64.78964229508198,False,0
102,61.744,60.89,2,5.4728086894075405,67.21680868940754,False,0
103,61.897,60.89,7,7.7644873604060916,69.66148736040608,False,0
104,61.989,49.11,8,10.300728577405856,72.28972857740585,False,0
105,63.94,60.89,3,6.441895780590717,70.38189578059071,False,0
106,64.611,21.77,4,1.9399050930026573,66.55090509300265,False,0
107,65.807,60.89,0,6.256609508196721,72.06360950819672,False,0
108,67.268,60.89,1,7.285739785202864,74.55373978520286,False,0
109,67.567,60.89,2,5.4728086894075405,73.03980868940754,False,0
110,67.799,60.89,4,5.4049183790965465,73.20391837909655,False,0
111,68.202,60.89,5,9.805989067524116,78.00798906752411,False,0
112,69.561,60.89,6,9.358605436447167,78.91960543644717,False,0
113,70.13,60.89,7,7.7644873604060916,77.89448736040609,False,0
114,70.433,84.44,3,8.92607299578059,79.3590729957806,False,0
115,72.262,49.11,0,5.049642295081967,77.31164229508197,False,0
116,72.343,60.89,8,12.765163723849371,85.10816372384937,False,0
117,73.664,49.11,2,4.415358061041292,78.07935806104129,False,0
118,73.695,60.89,4,5.4049183790965465,79.09991837909654,False,0
119,74.626,60.89,1,7.285739785202864,81.91173978520287,False,0
120,75.234,60.89,9,13.21173367965368,88.44573367965367,False,0
121,76.911,84.44,10,10.752501969504447,87.66350196950445,False,0
122,76.94,60.89,11,10.37518217687075,87.31518217687075,False,0
123,77.254,60.89,12,20.677487966101694,97.9314879661017,False,0
124,77.594,84.44,0,8.669519344262294,86.26351934426229,False,0
125,78.015,84.44,5,13.59216270096463,91.60716270096464,False,0
126,78.148,49.11,2,4.415358061041292,82.56335806104128,False,0
127,78.4,60.89,7,7.7644873604060916,86.1644873604061,False,0
128,78.711,60.89,13,21.27100787456446,99.98200787456446,False,0
129,78.837,49.11,14,18.799244809160307,97.6362448091603,False,0
130,79.405,49.11,3,5.199279746835443,84.60427974683545,False,0
131,80.239,60.89,4,5.4049183790965465,85.64391837909655,False,0
132,80.263,49.11,6,7.554623813169984,87.81762381316999,False,0
133,82.859,60.89,1,7.285739785202864,90.14473978520286,False,0
134,83.022,49.11,2,4.415358061041292,87.4373580610413,False,0
135,83.883,60.89,8,13.96365744769875,97.84665744769875,False,0
136,85.897,60.89,3,6.441895780590717,92.33889578059072,False,0
137,86.108,84.44,4,7.490835119574846,93.59883511957484,False,0
138,86.901,60.89,0,6.256609508196721,93.15760950819671,False,0
139,89.096,60.89,2,5.4728086894075405,94.56880868940755,False,0
140,89.189,49.11,6,7.554623813169984,96.74362381316998,False,0
141,89.192,49.11,7,6.269563502538071,95.46156350253807,False,0
142,89.637,49.11,9,10.66195012987013,100.29895012987014,False,0
143,90.192,49.11,1,5.880011861575179,96.07201186157518,False,0
144,91.937,49.11,5,7.912098392282958,99.84909839228295,False,0
145,92.419,60.89,3,6.441895780590717,98.86089578059071,False,0
146,92.421,49.11,10,6.263302477763659,98.68430247776367,False,0
147,93.287,49.11,0,5.049642295081967,98.33664229508197,False,0
148,94.283,49.11,4,4.3615171390611165,98.64451713906112,False,0
149,95.061,49.11,2,4.415358061041292,99.4763580610413,False,0
150,95.396,60.89,7,7.7644873604060916,103.1604873604061,True,1
151,95.878,49.11,11,8.371780816326531,104.24978081632653,False,0
152,96.345,49.11,1,5.880011861575179,102.22501186157518,False,0
153,96.528,60.89,6,9.54027924961714,106.06827924961715,False,0
154,96.97,60.89,14,23.906702824427487,120.87670282442748,False,0
155,97.211,49.11,12,17.367945593220345,114.57894559322034,False,0
156,98.071,60.89,8,12.765163723849371,110.83616372384937,False,0
157,98.732,60.89,0,6.256609508196721,104.98860950819672,False,0
158,99.317,60.89,3,6.441895780590717,105.7588957805907,False,0
159,99.949,60.89,2,5.4728086894075405,105.42180868940754,False,0
160,100.053,60.89,4,5.4049183790965465,105.45791837909654,False,0
161,101.06,49.11,5,7.912098392282958,108.97209839228296,False,0
162,101.541,10.0,9,2.1965821645021646,103.73758216450216,False,0
163,102.221,49.11,1,5.880011861575179,108.10101186157519,False,0
164,102.298,49.11,10,6.263302477763659,108.56130247776366,False,0
165,102.483,49.11,13,17.16647825783972,119.64947825783972,False,0
166,102.926,49.11,7,6.566720862944156,109.49272086294415,False,0
167,103.673,60.89,9,13.244235844155838,116.91723584415584,False,0
168,103.726,60.89,11,10.879222993197281,114.60522299319729,False,0
169,103.943,60.89,0,7.284339016393444,111.22733901639344,False,0
170,104.308,60.89,6,11.084934686064303,115.39293468606431,False,0
171,105.272,84.44,2,7.729700969479346,113.00170096947934,False,0
172,105.281,60.89,4,5.570186758193085,110.8511867581931,False,0
173,105.323,49.11,3,5.6162755274261595,110.93927552742615,False,0
174,105.757,49.11,1,8.204393723150357,113.96139372315037,False,0
175,106.527,49.11,5,10.340596784565918,116.86759678456592,False,0
176,106.831,49.11,10,7.970454955527318,114.80145495552732,False,0
177,106.972,60.89,8,16.602657447698746,123.57465744769874,False,0
178,107.602,84.44,7,12.606456903553294,120.2084569035533,False,0
179,107.834,10.0,12,10.134776101694916,117.96877610169491,False,0
180,107.861,60.89,3,9.501271308016864,117.36227130801687,False,0
181,108.621,60.89,4,7.623455137289642,116.24445513728963,False,0
182,109.789,49.11,0,6.4701013114754105,116.2591013114754,False,0
183,110.006,49.11,12,24.61023372881356,134.61623372881357,False,0
184,110.804,49.11,11,12.153263809523807,122.95726380952381,False,0
185,112.428,60.89,2,6.039589658886895,118.4675896588869,False,0
186,112.623,60.89,1,8.604503508353218,121.22750350835322,False,0
187,114.718,49.11,10,6.323607433290976,121.04160743329098,False,0
188,114.883,49.11,6,8.030608499234301,122.9136084992343,False,0
189,114.928,49.11,9,12.619105974025974,127.54710597402597,False,0
190,115.121,60.89,5,11.53598585209004,126.65698585209003,False,0
191,116.244,60.89,0,6.256609508196721,122.50060950819672,False,0
192,116.764,49.11,4,4.3615171390611165,121.12551713906112,False,0
193,117.485,49.11,3,5.199279746835443,122.68427974683544,False,0
194,117.609,49.11,13,19.151976515679454,136.76097651567946,False,0
195,118.639,49.11,2,4.415358061041292,123.05435806104128,False,0
196,118.979,60.89,14,25.138160839694663,144.11716083969466,False,0
197,119.308,60.89,7,8.62761426395938,127.9356142639594,False,0
198,120.74,49.11,10,6.541759911054646,127.28175991105464,False,0
199,121.873,49.11,1,5.880011861575179,127.75301186157519,False,0
200,121.96,49.11,4,4.3615171390611165,126.32151713906111,False,0
201,122.668,60.89,0,6.256609508196721,128.92460950819674,False,0
202,122.816,49.11,3,5.199279746835443,128.01527974683543,False,0
203,123.105,49.11,2,4.415358061041292,127.52035806104129,False,0
204,123.953,49.11,6,7.554623813169984,131.50762381317,False,0
205,123.994,60.89,8,12.765163723849371,136.75916372384938,False,0
206,124.581,60.89,11,10.37518217687075,134.95618217687075,False,0
207,125.227,60.89,5,11.219374919614149,136.44637491961416,False,0
208,125.244,60.89,9,15.48275965367965,140.72675965367966,False,0
209,125.809,60.89,4,5.90578551815766,131.71478551815767,False,0
210,126.104,49.11,10,7.417912388818301,133.5219123888183,False,0
211,127.071,60.89,2,5.915246750448839,132.98624675044883,False,0
212,127.442,60.89,1,7.577121646778054,135.01912164677805,False,0
213,127.753,60.89,7,7.9097716243654785,135.6627716243655,False,0
214,128.045,60.89,3,6.441895780590717,134.48689578059071,False,0
215,128.988,60.89,0,6.256609508196721,135.24460950819673,False,0
216,129.929,60.89,6,10.903279249617153,140.83227924961716,False,0
217,130.307,60.89,12,24.94991169491526,155.25691169491526,False,0
218,131.655,49.11,4,4.409652657218773,136.06465265721877,False,0
219,132.263,60.89,2,6.189135439856371,138.45213543985636,False,0
220,132.345,60.89,10,8.913888246505723,141.25888824650573,False,0
221,132.489,49.11,13,21.38347477351917,153.87247477351917,False,0
222,132.924,60.89,11,12.387624353741494,145.3116243537415,False,0
223,133.291,60.89,3,7.6188915611814245,140.9098915611814,False,0
224,135.594,60.89,0,6.256609508196721,141.85060950819673,False,0
225,136.445,60.89,1,7.285739785202864,143.73073978520284,False,0
226,136.693,60.89,4,5.4049183790965465,142.09791837909657,False,0
227,137.356,49.11,5,7.912098392282958,145.26809839228295,False,0
228,139.087,60.89,2,5.4728086894075405,144.55980868940753,False,0
229,139.939,60.89,7,7.7644873604060916,147.7034873604061,False,0
230,140.16,49.11,8,10.300728577405856,150.46072857740586,False,0
231,140.393,60.89,9,13.513413333333329,153.90641333333332,False,0
232,141.472,60.89,3,6.441895780590717,147.91389578059074,False,0
233,142.079,60.89,0,6.256609508196721,148.33560950819674,False,0
234,142.134,60.89,4,5.4049183790965465,147.53891837909654,False,0
235,142.451,60.89,6,9.358605436447167,151.80960543644716,False,0
236,143.105,60.89,10,7.760125857687421,150.86512585768742,False,0
237,143.558,60.89,1,7.438849570405727,150.99684957040571,False,0
238,143.867,60.89,14,23.490618854961856,167.35761885496186,False,0
239,144.239,60.89,2,5.786697378815065,150.02569737881507,False,0
240,144.264,60.89,11,11.40306653061224,155.66706653061226,False,0
241,147.808,60.89,4,5.4049183790965465,153.21291837909655,False,0
242,149.46,49.11,0,5.049642295081967,154.509642295082,True,1
243,149.905,60.89,3,6.441895780590717,156.34689578059073,False,0
244,151.134,60.89,1,7.285739785202864,158.41973978520286,False,0
245,151.448,49.11,2,4.415358061041292,155.8633580610413,False,0
246,151.891,60.89,5,9.805989067524116,161.6969890675241,False,0
247,152.065,49.11,6,7.554623813169984,159.61962381317,False,0
248,153.155,49.11,7,6.269563502538071,159.42456350253806,False,0
249,153.161,60.89,8,12.765163723849371,165.92616372384938,False,0
250,154.041,60.89,4,5.4049183790965465,159.44591837909655,False,0
251,154.952,60.89,0,6.256609508196721,161.20860950819673,False,0
252,155.341,49.11,9,10.66195012987013,166.00295012987013,False,0
253,155.579,60.89,10,7.760125857687421,163.33912585768743,False,0
254,155.749,60.89,11,10.37518217687075,166.12418217687073,False,0
255,156.145,60.89,2,5.4728086894075405,161.61780868940755,False,0
256,156.389,60.89,3,6.441895780590717,162.83089578059074,False,0
257,156.98,60.89,12,20.677487966101694,177.65748796610168,False,0
258,157.265,84.44,13,29.476582787456444,186.74158278745642,False,0
259,157.294,49.11,1,6.986121646778017,164.280121646778,False,0
260,158.221,60.89,6,10.723279249617145,168.94427924961715,False,0
261,158.803,10.0,7,1.8905990355329996,160.693599035533,False,0
262,160.334,84.44,4,7.490835119574846,167.82483511957486,False,0
263,161.302,60.89,0,6.256609508196721,167.55860950819672,False,0
264,161.785,49.11,2,4.415358061041292,166.2003580610413,False,0
265,161.854,60.89,5,9.805989067524116,171.65998906752412,False,0
266,162.144,10.0,7,1.306365532994924,163.45036553299494,False,0
267,162.919,60.89,3,6.441895780590717,169.36089578059074,False,0
268,163.004,49.11,10,6.575278335451097,169.57927833545108,False,0
269,164.323,49.11,1,5.880011861575179,170.2030118615752,False,0
270,164.399,49.11,7,6.269563502538071,170.66856350253806,False,0
271,164.477,84.44,8,19.114435690376563,183.59143569037656,False,0
272,164.541,60.89,9,14.641603809523822,179.1826038095238,False,0
273,164.732,49.11,14,21.36989366412215,186.10189366412214,False,0
274,166.337,60.89,2,5.4728086894075405,171.80980868940753,False,0
275,166.406,60.89,11,10.37518217687075,176.78118217687074,False,0
276,166.49,60.89,0,7.307339016393426,173.79733901639344,False,0
277,167.739,49.11,4,4.435702258635961,172.17470225863596,False,0
278,167.945,60.89,6,10.323934686064323,178.2689346860643,False,0
279,169.465,60.89,3,6.441895780590717,175.90689578059073,False,0
280,170.114,60.89,10,7.760125857687421,177.87412585768743,False,0
281,171.907,49.11,1,5.880011861575179,177.7870118615752,False,0
282,171.966,21.77,2,1.9611390305206462,173.92713903052066,False,0
283,173.0,49.11,4,4.3615171390611165,177.3615171390611,False,0
284,173.332,49.11,5,7.912098392282958,181.24409839228295,False,0
285,173.499,60.89,7,7.7644873604060916,181.2634873604061,False,0
286,174.481,60.89,0,6.256609508196721,180.73760950819673,False,0
287,176.416,40.44,2,3.6370815798922798,180.05308157989228,False,0
288,177.634,60.89,3,6.441895780590717,184.0758957805907,False,0
289,178.065,49.11,1,5.880011861575179,183.94501186157518,False,0
290,178.116,10.0,4,0.8973895925597876,179.0133895925598,False,0
291,178.451,49.11,6,7.554623813169984,186.00562381317,False,0
292,178.696,49.11,10,6.263302477763659,184.95930247776366,False,0
293,180.047,49.11,2,4.415358061041292,184.4623580610413,False,0
294,180.507,60.89,4,5.4049183790965465,185.91191837909656,False,0
295,181.043,60.89,0,6.256609508196721,187.29960950819674,False,0
296,181.764,49.11,5,7.912098392282958,189.67609839228297,False,0
297,182.638,60.89,7,7.7644873604060916,190.4024873604061,False,0
298,183.407,60.89,9,13.21173367965368,196.6187336796537,False,0
299,183.635,60.89,8,12.765163723849371,196.40016372384937,False,0
300,183.893,60.89,11,10.37518217687075,194.26818217687074,False,0
301,184.106,49.11,1,5.880011861575179,189.98601186157518,False,0
302,184.293,60.89,3,6.441895780590717,190.73489578059073,False,0
303,184.653,60.89,2,5.4728086894075405,190.12580868940753,False,0
304,185.729,84.44,10,10.752501969504447,196.48150196950445,False,0
305,185.924,49.11,4,4.3615171390611165,190.2855171390611,False,0
306,186.154,84.44,6,12.965037289433385,199.11903728943338,False,0
307,186.756,21.77,12,7.416471016949152,194.17247101694915,False,0
308,187.877,60.89,0,6.256609508196721,194.13360950819674,False,0
309,188.015,60.89,13,21.27100787456446,209.28600787456446,True,1
310,188.156,49.11,14,18.799244809160307,206.95524480916032,False,0
311,188.27,84.44,5,14.981661093247588,203.2516610932476,False,0
312,188.916,40.44,1,5.895787517899759,194.81178751789975,False,0
313,190.047,49.11,2,4.487246750448828,194.53424675044883,False,0
314,191.767,60.89,3,6.441895780590717,198.20889578059072,False,0
315,191.824,49.11,4,4.3615171390611165,196.18551713906112,False,0
316,192.256,49.11,7,6.269563502538071,198.52556350253806,False,0
317,192.314,49.11,12,18.5059286440678,210.8199286440678,False,0
318,192.63,49.11,11,9.990222993197287,202.62022299319727,False,0
319,192.91,49.11,0,6.2553718032787025,199.1653718032787,False,0
320,193.037,60.89,1,9.040897303102613,202.07789730310262,False,0
321,193.216,49.11,2,5.7266848114901086,198.94268481149012,False,0
322,193.22,49.11,8,13.454222301255221,206.6742223012552,False,0
323,193.479,60.89,9,16.319387359307356,209.79838735930736,False,0
324,193.669,49.11,10,9.052654447268107,202.72165444726812,False,0
325,193.71,49.11,4,6.825384278122238,200.53538427812225,False,0
326,193.905,49.11,6,12.734711102603361,206.63971110260337,False,0
327,194.485,84.44,7,14.756299543147193,209.2412995431472,False,0
328,194.529,84.44,14,44.65525244274809,239.1842524427481,False,0
329,194.613,84.44,3,12.503068776371304,207.1160687763713,False,0
330,195.319,84.44,0,12.498011147541005,207.817011147541,False,0
331,195.619,60.89,2,8.789573500897658,204.40857350089766,False,0
332,195.941,49.11,13,30.55650613240416,226.49750613240417,False,0
333,196.743,49.11,11,14.229263809523818,210.9722638095238,False,0
334,197.858,60.89,4,8.070652657218787,205.92865265721878,False,0
335,197.92,60.89,5,15.12105016077173,213.0410501607717,False,0
336,198.675,49.11,1,9.263279164677785,207.9382791646778,False,0
337,199.438,21.77,10,6.0498552096569504,205.48785520965694,False,0
338,199.469,49.11,12,27.998386271186448,227.46738627118646,False,0
339,199.674,49.11,8,17.27428087866107,216.94828087866108,False,0
340,199.751,60.89,6,16.213366539050526,215.96436653905053,False,0
341,201.216,49.11,10,10.51200768742059,211.7280076874206,False,0
342,201.397,49.11,2,7.420011561938958,208.81701156193895,False,0
343,202.306,49.11,9,18.122257489177485,220.4282574891775,False,0
344,202.598,49.11,4,7.680519796279896,210.2785197962799,False,0
345,203.488,49.11,3,8.808448523206748,212.29644852320675,False,0
346,203.772,49.11,1,10.026661026252984,213.79866102625297,False,0
347,203.843,49.11,0,9.00577344262297,212.84877344262296,False,0
348,204.032,60.89,11,17.29570598639456,221.32770598639456,False,0
349,204.364,60.89,7,12.604456903553299,216.96845690355332,False,0
350,205.516,49.11,2,7.70944962298025,213.22544962298025,False,0
351,205.846,60.89,5,16.98443922829583,222.83043922829583,False,0
352,206.264,60.89,10,13.200983545108011,219.46498354510803,False,0
353,206.656,60.89,4,9.015788175376452,215.67178817537646,False,0
354,207.356,60.89,8,22.330774602510452,229.68677460251044,False,0
355,207.434,49.11,3,10.042828270042191,217.47682827004218,False,0
356,207.701,49.11,0,10.179535737704931,217.88053573770492,False,0
357,207.8,60.89,1,13.26477081145583,221.06477081145584,False,0
358,209.886,60.89,2,8.805338312387786,218.69133831238778,False,0
359,212.501,60.89,6,12.788021975497694,225.2890219754977,False,0
360,212.74,60.89,4,8.325056554472994,221.06505655447302,False,0
361,213.067,49.11,7,10.133690406091368,223.20069040609138,False,0
362,214.166,60.89,9,19.44191116883118,233.60791116883118,False,0
363,214.515,60.89,3,9.38482405063292,223.8998240506329,False,0
364,215.332,40.44,0,6.691978360655751,222.02397836065575,False,0
365,215.84,60.89,10,11.361959402795438,227.20195940279544,False,0
366,215.992,49.11,13,27.617004390243885,243.60900439024388,False,0
367,218.413,60.89,2,5.74422700179531,224.15722700179532,False,0
368,218.496,49.11,11,11.183746802721089,229.6797468027211,False,0
369,220.037,49.11,1,6.888152673031012,226.92515267303102,False,0
370,220.081,60.89,4,6.377324933569561,226.45832493356954,False,0
371,220.118,60.89,5,12.501828295819955,232.61982829581996,False,0
372,220.905,60.89,0,7.357707868852464,228.26270786885246,False,0
373,221.057,49.11,7,8.375923908629456,229.43292390862945,False,0
374,222.104,60.89,12,26.00406423728812,248.10806423728815,False,0
375,222.772,60.89,3,7.550819831223633,230.32281983122363,False,0
376,223.085,49.11,2,5.4806650628366045,228.56566506283662,False,0
377,223.651,84.44,6,14.569109264931068,238.22010926493107,False,0
378,223.709,49.11,1,9.076534534606195,232.7855345346062,False,0
379,224.755,60.89,10,10.183935260482867,234.93893526048285,False,0
380,227.67,49.11,4,4.3615171390611165,232.0315171390611,False,0
381,227.763,60.89,0,6.738437377049182,234.5014373770492,False,0
382,228.019,56.0,2,5.5735950448832865,233.5925950448833,False,0
383,228.897,60.89,8,13.528268326359827,242.42526832635983,False,0
384,229.348,60.89,7,7.812081269035522,237.16008126903554,False,0
385,229.643,40.44,11,6.91429782312926,236.55729782312926,False,0
386,229.999,60.89,3,6.746815611814346,236.74581561181435,False,0
387,230.153,40.44,5,8.96843601286176,239.12143601286175,False,0
388,231.383,49.11,4,4.998384278122209,236.38138427812223,False,0
389,231.828,60.89,1,8.22364431980906,240.05164431980907,False,0
390,232.75,49.11,9,11.487781298701309,244.23778129870132,False,0
391,233.164,60.89,2,5.894483734290844,239.05848373429083,False,0
392,233.54,56.0,0,6.699142295081982,240.23914229508196,False,0
393,233.69,49.11,10,7.489087738246522,241.17908773824652,False,0
394,234.973,49.11,11,9.93633863945578,244.9093386394558,False,0
395,235.493,60.89,14,26.931710458015264,262.4247104580153,False,0
396,235.758,21.77,4,2.5516393711248675,238.3096393711249,False,0
397,236.028,60.89,3,7.140811392405066,243.16881139240505,False,0
398,236.727,49.11,7,6.665314771573602,243.3923147715736,False,0
399,236.927,60.89,6,10.617764701378253,247.54476470137826,False,0
400,237.146,60.89,5,11.76482508038588,248.91082508038588,False,0
401,238.038,60.89,4,5.6649077502214125,243.7029077502214,False,0
402,238.12,49.11,2,5.346921795332118,243.46692179533213,False,0
403,239.57,60.89,1,7.747754105011931,247.31775410501191,False,0
404,240.538,60.89,0,6.256609508196721,246.79460950819674,False,0
405,240.915,60.89,10,8.001063595933948,248.91606359593393,False,0
406,242.212,60.89,8,12.951762050209199,255.1637620502092,False,0
407,242.348,10.0,13,4.745324947735151,247.09332494773517,False,0
408,242.425,40.44,3,5.009634177215173,247.43463417721517,False,0
409,242.852,60.89,7,8.267472131979694,251.1194721319797,False,0
410,243.067,84.44,2,7.979814075403929,251.04681407540394,False,0
411,243.563,60.89,4,5.533176129317982,249.09617612931797,False,0
412,243.865,60.89,9,13.55243497835498,257.417434978355,False,0
413,243.867,49.11,11,9.394379455782332,253.26137945578233,False,0
414,244.979,60.89,13,23.330352822299613,268.3093528222996,False,0
415,246.049,60.89,12,22.699742203389818,268.74874220338984,False,0
416,246.262,60.89,0,6.771339016393453,253.03333901639346,False,0
417,246.443,60.89,6,10.426420137825398,256.8694201378254,False,0
418,247.001,60.89,1,7.582863890214784,254.5838638902148,False,0
419,247.656,49.11,3,5.199279746835443,252.85527974683544,False,0
420,248.407,60.89,5,10.293214147909975,258.70021414791,False,0
421,249.794,49.11,4,4.3615171390611165,254.15551713906112,False,0
422,250.077,60.89,10,7.760125857687421,257.8371258576874,False,0
423,250.461,49.11,7,6.890705634517757,257.35170563451777,False,0
424,252.315,60.89,2,5.4728086894075405,257.78780868940754,False,0
425,253.865,49.11,0,5.049642295081967,258.914642295082,False,0
426,253.893,60.89,3,6.441895780590717,260.3348957805907,False,0
427,254.064,49.11,11,8.371780816326531,262.43578081632654,False,0
428,254.582,49.11,1,5.880011861575179,260.46201186157515,False,0
429,255.124,49.11,4,4.3615171390611165,259.48551713906113,False,0
430,255.475,60.89,8,12.765163723849371,268.2401637238494,False,0
431,255.512,49.11,6,8.878093950995392,264.3900939509954,False,0
432,257.565,49.11,7,6.269563502538071,263.83456350253806,False,0
433,259.259,49.11,0,5.049642295081967,264.308642295082,False,0
434,259.473,60.89,2,5.4728086894075405,264.94580868940756,False,0
435,259.519,60.89,4,5.4049183790965465,264.92391837909656,False,0
436,259.965,60.89,5,9.805989067524116,269.7709890675241,False,0
437,260.903,60.89,1,7.285739785202864,268.18873978520287,False,0
438,261.997,49.11,3,5.199279746835443,267.19627974683544,False,0
439,263.327,60.89,9,13.21173367965368,276.53873367965366,False,0
440,264.506,60.89,0,6.256609508196721,270.7626095081967,False,0
441,264.533,60.89,6,9.358605436447167,273.8916054364472,False,0
442,264.809,49.11,7,6.269563502538071,271.0785635025381,False,0
443,267.531,49.11,2,4.415358061041292,271.9463580610413,False,0
444,267.609,49.11,3,5.199279746835443,272.8082797468354,False,0
445,268.672,49.11,1,5.880011861575179,274.5520118615752,False,0
446,269.243,60.89,4,5.4049183790965465,274.64791837909655,False,0
447,269.271,49.11,8,10.300728577405856,279.57172857740585,False,0
448,269.323,49.11,10,6.263302477763659,275.58630247776364,False,0
449,269.331,60.89,11,10.37518217687075,279.70618217687075,False,0
450,269.339,60.89,12,20.677487966101694,290.0164879661017,False,0
451,269.748,60.89,13,21.27100787456446,291.01900787456447,False,0
452,269.76,60.89,5,9.805989067524116,279.56598906752413,False,0
453,270.106,49.11,14,18.799244809160307,288.9052448091603,False,0
454,270.177,49.11,0,5.6173718032786395,275.79437180327864,False,0
455,270.734,60.89,7,8.071720862944208,278.8057208629442,False,0
456,271.093,60.89,2,6.319246750448821,277.41224675044884,False,0
457,271.108,49.11,3,6.880659493670862,277.98865949367087,False,0
458,272.021,49.11,6,9.39127924961715,281.41227924961714,False,0
459,272.992,49.11,1,7.420393723150364,280.4123937231504,False,0
460,273.006,49.11,9,14.162603809523835,287.1686038095238,False,0
461,273.475,60.89,4,6.566186758193065,280.0411867581931,False,0
462,273.691,60.89,10,9.632278335451085,283.32327833545105,False,0
463,273.837,49.11,0,6.989134098360639,280.8261340983606,False,0
464,274.189,60.89,8,18.121222301255223,292.31022230125524,False,0
465,274.63,60.89,11,15.431624353741519,290.06162435374154,False,0
466,274.908,49.11,2,6.912684811490115,281.82068481149014,False,0
467,275.105,40.44,3,7.149482278480974,282.25448227848096,False,0
468,275.149,60.89,5,14.206378135048222,289.3553781350482,False,0
469,275.197,60.89,7,11.335878223350278,286.5328782233503,False,0
470,275.213,60.89,14,36.93270282442745,312.1457028244275,False,0
471,275.37,60.89,6,15.366934686064328,290.73693468606433,False,0
472,275.557,10.0,1,6.048711145584735,281.60571114558473,False,0
473,275.633,60.89,12,35.0241659322034,310.6571659322034,False,0
474,275.733,49.11,13,32.39750613240416,308.13050613240415,False,0
475,276.051,49.11,4,8.340053897254215,284.3910538972542,False,0
476,277.232,49.11,0,8.625896393442568,285.8578963934426,False,0
477,277.853,10.0,1,4.946028568019111,282.79902856801914,False,0
478,278.188,49.11,3,9.246862025316448,287.4348620253164,False,0
479,278.425,49.11,1,10.234410429594288,288.6594104295943,False,0
480,278.983,60.89,2,8.303573500897667,287.28657350089765,False,0
481,278.992,49.11,10,10.571430813214697,289.5634308132147,False,0
482,279.709,49.11,9,18.08947393939393,297.79847393939394,False,0
483,280.564,49.11,4,8.176921036315298,288.74092103631534,False,0
484,280.86,49.11,7,11.90511172588834,292.76511172588835,False,0
485,281.166,49.11,0,9.723658688524567,290.88965868852455,False,0
486,281.792,60.89,5,17.352767202572366,299.1447672025723,False,0
487,282.274,60.89,11,18.143066530612263,300.41706653061226,False,0
488,282.351,49.11,8,20.233280878661105,302.5842808786611,False,0
489,282.606,49.11,3,10.009241772151885,292.6152417721519,False,0
490,283.364,49.11,2,8.331011561938988,291.69501156193894,False,0
491,283.448,49.11,1,11.071792291169498,294.5197922911695,False,0
492,283.796,60.89,6,16.265590122511504,300.0615901225115,False,0
493,285.143,49.11,10,10.660583290978401,295.8035832909784,False,0
494,285.845,60.89,4,8.289189415411839,294.13418941541187,False,0
495,285.877,10.0,0,6.037248852458981,291.91424885245897,False,0
496,286.422,60.89,7,14.070269086294417,300.4922690862944,False,0
497,286.428,60.89,9,24.550127619047615,310.9781276190476,False,0
498,286.483,60.89,0,11.669978360655708,298.1529783606557,False,0
499,286.527,49.11,2,9.57644962298027,296.10344962298024,False,0
500,286.603,60.89,3,12.435237552742588,299.0382375527426,False,0
501,286.755,60.89,13,42.59153400696864,329.3465340069686,False,0
502,287.074,49.11,1,13.306174152744642,300.38017415274464,False,0
503,287.625,49.11,14,43.26497763358778,330.88997763358776,False,0
504,288.071,60.89,10,15.46955914866577,303.5405591486658,False,0
505,288.613,84.44,4,13.00037453498671,301.6133745349867,False,0
506,289.818,60.89,5,19.11615627009647,308.9341562700965,False,0
507,291.051,49.11,11,17.7181073469388,308.76910734693877,False,0
508,292.003,49.11,2,8.508887684021559,300.51188768402153,False,0
509,292.704,40.44,8,18.3405319246862,311.0445319246862,False,0
510,292.842,10.0,6,8.750983690658526,301.5929836906585,False,0
511,293.037,60.89,0,11.354707868852456,304.39170786885245,False,0
512,293.071,49.11,12,34.23362355932199,327.304623559322,False,0
513,293.216,60.89,6,17.701639127105665,310.91763912710564,False,0
514,293.329,60.89,3,12.132233333333307,305.4612333333333,False,0
515,293.609,49.11,7,13.115502588832532,306.72450258883254,False,0
516,296.157,60.89,1,11.489283937947533,307.6462839379475,False,0
517,296.24,21.77,2,6.226106714542185,302.4661067145422,False,0
518,297.579,60.89,4,9.427642914083247,307.0066429140833,False,0
519,297.61,60.89,10,13.667535006353207,311.2775350063532,False,0
520,298.923,60.89,2,9.008995403949733,307.9319954039497,False,0
521,299.512,60.89,0,11.118437377049155,310.63043737704913,False,0
522,299.631,21.77,9,16.059248831168855,315.69024883116884,False,0
523,300.144,49.11,3,10.497613080168755,310.6416130801688,False,0
524,300.392,49.11,11,16.72914816326532,317.12114816326533,False,0
525,302.847,49.11,7,10.109736091370603,312.9567360913706,False,0
526,303.39,60.89,5,15.333545337620581,318.7235453376206,False,0
527,304.689,60.89,1,10.223393723150359,314.9123937231504,False,0
528,304.793,60.89,4,7.6069112931797935,312.3999112931798,False,0
529,306.755,10.0,2,2.0746614721723606,308.82966147217235,False,0
530,307.178,60.89,2,7.117550161579899,314.2955501615799,False,0
531,307.96,10.0,8,5.176582133891255,313.13658213389124,False,0
532,308.337,10.0,6,4.112032695252703,312.4490326952527,False,0
533,308.939,40.44,3,5.968435864978865,314.9074358649789,False,0
534,310.516,10.0,0,1.1390275409835608,311.65502754098355,False,0
535,310.637,60.89,10,8.37751086404064,319.01451086404063,False,0
536,311.152,49.11,0,5.534789836065561,316.68678983606554,False,0
537,312.437,60.89,4,5.4049183790965465,317.84191837909657,False,0
538,313.669,60.89,6,9.358605436447167,323.0276054364472,False,0
539,315.319,49.11,1,5.880011861575179,321.1990118615752,False,0
540,316.265,60.89,2,5.4728086894075405,321.73780868940753,False,0
541,317.881,60.89,0,6.256609508196721,324.1376095081967,False,0
542,317.94,60.89,3,6.441895780590717,324.3818957805907,False,0
543,320.007,60.89,4,5.4049183790965465,325.41191837909656,False,0
544,320.123,60.89,5,9.805989067524116,329.9289890675241,False,0
545,320.236,60.89,7,7.7644873604060916,328.00048736040605,False,0
546,320.55,60.89,8,12.765163723849371,333.31516372384937,False,0
547,321.59,60.89,1,7.285739785202864,328.8757397852028,False,0
548,321.764,49.11,2,4.415358061041292,326.1793580610413,False,0
549,322.068,49.11,9,10.66195012987013,332.72995012987013,False,0
550,322.107,60.89,10,7.760125857687421,329.8671258576874,False,0
551,322.27,49.11,11,8.371780816326531,330.6417808163265,False,0
552,322.777,40.44,6,6.443561026033686,329.2205610260337,False,0
553,323.35,49.11,0,5.819371803278638,329.16937180327864,False,0
554,323.879,49.11,3,5.683275527426139,329.56227552742615,False,0
555,325.191,49.11,4,4.5707855181576935,329.7617855181577,False,0
556,325.821,60.89,2,5.8242467504488165,331.64524675044885,False,0
557,326.41,60.89,12,21.535301525423687,347.9453015254237,False,0
558,327.515,60.89,7,8.212644720812186,335.7276447208122,False,0
559,327.601,60.89,13,22.9615618815331,350.5625618815331,False,0
560,327.778,60.89,14,26.352435648854946,354.130435648855,False,0
561,327.9,60.89,1,8.241849570405725,336.1418495704057,False,0
562,328.381,60.89,6,10.16421646248087,338.5452164624808,False,0
563,328.454,60.89,0,6.954101311475373,335.4081013114754,False,0
564,328.907,60.89,3,7.078271308016893,335.9852713080169,False,0
565,329.138,60.89,5,10.580378135048246,339.7183781350482,False,0
566,329.383,60.89,10,8.221101715374889,337.6041017153749,False,0
567,329.512,60.89,4,5.643053897254213,335.1550538972542,False,0
568,329.587,60.89,11,11.410222993197273,340.9972229931973,False,0
569,329.869,60.89,9,16.040603809523766,345.9096038095238,False,0
570,329.91,60.89,8,16.143657447698725,346.05365744769875,False,0
571,330.127,60.89,2,6.984135439856375,337.1111354398564,False,0
572,330.219,60.89,7,13.23580208121827,343.45480208121825,False,0
573,330.331,60.89,1,13.076959355608551,343.40795935560857,False,0
574,330.657,60.89,0,10.98983081967212,341.6468308196721,False,0
575,330.725,60.89,3,11.68326708860757,342.4082670886076,False,0
576,330.807,84.44,4,11.827239016829044,342.63423901682904,False,0
577,330.841,60.89,6,17.028871898928,347.869871898928,False,0
578,330.944,60.89,12,37.64197949152539,368.5859794915254,False,0
579,331.223,60.89,10,14.118077573062278,345.3410775730623,False,0
580,332.156,60.89,5,17.351767202572333,349.5077672025723,False,0
581,333.266,60.89,2,9.311024129263902,342.5770241292639,False,0
582,337.183,49.11,11,12.166263809523796,349.3492638095238,False,0
583,339.331,84.44,0,10.96747016393438,350.2984701639344,False,0
584,339.915,60.89,3,8.916262869198288,348.8312628691983,False,0
585,340.911,60.89,2,7.13191281867146,348.0429128186715,False,0
586,341.48,49.11,4,5.50410615589016,346.9841061558902,False,0
587,341.754,40.44,7,6.832781776649718,348.58678177664973,False,0
588,342.821,60.89,1,7.853069140811405,350.6740691408114,False,0
589,342.963,49.11,9,13.576473939393903,356.53947393939393,False,0
590,344.766,84.44,10,11.30442954256672,356.0704295425667,False,0
591,344.804,60.89,8,13.98815117154815,358.79215117154814,False,0
592,345.163,49.11,13,22.511060139372805,367.67406013937284,False,0
593,346.682,60.89,4,5.695374534986708,352.3773745349867,False,0
594,346.931,60.89,6,10.263527335375192,357.1945273353752,False,0
595,346.953,49.11,2,5.4983508797127785,352.4513508797128,False,0
596,347.227,60.89,7,9.086939137055854,356.31393913705585,False,0
597,347.602,49.11,11,10.099304625850344,357.7013046258503,False,0
598,348.4,49.11,3,5.611642616033777,354.0116426160338,False,0
599,348.864,60.89,5,10.433156270096479,359.2971562700965,False,0
600,349.297,60.89,0,7.240199672131093,356.5371996721311,False,0
601,351.362,49.11,1,5.880011861575179,357.2420118615752,False,0
602,351.549,60.89,14,25.82189366412216,377.37089366412215,False,0
603,352.808,49.11,2,4.415358061041292,357.22335806104127,False,0
604,354.008,60.89,3,6.441895780590717,360.4498957805907,False,0
605,354.099,60.89,4,5.4049183790965465,359.50391837909655,False,0
606,354.977,60.89,9,14.74212761904763,369.7191276190476,False,0
607,355.338,60.89,10,8.469405400254136,363.80740540025414,False,0
608,356.607,21.77,0,2.248412786885246,358.85541278688527,False,0
609,356.916,49.11,7,6.269563502538071,363.18556350253806,False,0
610,357.239,60.89,1,7.285739785202864,364.5247397852028,False,0
611,357.248,49.11,2,4.415358061041292,361.66335806104127,False,0
612,358.347,49.11,6,7.554623813169984,365.90162381317,False,0
613,358.357,60.89,11,10.37518217687075,368.73218217687077,False,0
614,358.862,49.11,0,5.049642295081967,363.911642295082,False,0
615,358.886,49.11,8,10.300728577405856,369.18672857740586,False,0
616,359.423,49.11,5,7.912098392282958,367.335098392283,False,0
617,359.933,49.11,4,4.3615171390611165,364.2945171390611,False,0
618,360.09,49.11,3,5.540275527426166,365.63027552742614,False,0
619,360.096,49.11,2,5.9757961220825715,366.07179612208256,False,0
620,360.42,60.89,13,28.47008801393726,388.89008801393726,False,0
621,360.464,49.11,7,8.95379700507614,369.4177970050761,False,0
622,360.904,49.11,12,24.32943711864405,385.233437118644,False,0
623,360.936,60.89,10,10.608381257941598,371.54438125794155,False,0
624,361.586,60.89,0,8.5643718032787,370.1503718032787,False,0
625,361.666,40.44,1,7.684515441527424,369.3505154415274,False,0
626,362.255,40.44,4,5.621448051372894,367.8764480513729,False,0
627,363.148,21.77,6,6.087467611025989,369.235467611026,False,0
628,363.531,60.89,3,8.522271308016853,372.05327130801686,False,0
629,364.454,49.11,5,10.77659678456591,375.23059678456593,False,0
630,365.384,49.11,2,5.096234183123854,370.48023418312386,False,0
631,366.176,60.89,8,15.749222301255264,381.92522230125525,False,0
632,367.184,49.11,4,5.042315190433981,372.226315190434,False,0
633,368.075,60.89,11,11.012624353741534,379.08762435374155,False,0
634,368.469,49.11,6,8.287141424196003,376.756141424196,False,0
635,368.885,49.11,9,11.463997748917741,380.3489977489177,False,0
636,370.802,60.89,0,6.256609508196721,377.05860950819675,False,0
637,371.878,60.89,1,7.285739785202864,379.16373978520284,False,0
638,372.184,60.89,2,5.4728086894075405,377.65680868940757,False,0
639,372.2,21.77,3,2.315313502109704,374.5153135021097,False,0
640,372.578,60.89,4,5.4049183790965465,377.98291837909653,False,0
641,372.652,21.77,7,2.800020355329949,375.4520203553299,False,0
642,372.829,21.77,10,2.789350762388818,375.61835076238884,False,0
643,373.644,49.11,3,6.0516932489451305,379.69569324894513,False,0
644,375.673,60.89,5,9.805989067524116,385.47898906752414,False,0
645,375.741,60.89,7,7.7644873604060916,383.50548736040605,False,0
646,375.818,49.11,10,6.263302477763659,382.08130247776364,False,0
647,376.15,49.11,14,19.865168473282445,396.0151684732824,True,1
648,376.391,49.11,6,7.885815237365961,384.276815237366,False,0
649,377.083,49.11,0,5.049642295081967,382.132642295082,False,0
650,377.198,40.44,2,4.0889702692998675,381.28697026929984,False,0
651,378.267,40.44,4,3.5935809123117806,381.8605809123118,False,0
652,379.127,49.11,11,8.371780816326531,387.49878081632653,False,0
653,379.499,49.11,1,5.880011861575179,385.3790118615752,False,0
654,380.467,60.89,3,6.441895780590717,386.9088957805907,False,0
655,380.78,49.11,9,10.66195012987013,391.4419501298701,False,0
656,381.345,49.11,2,4.415358061041292,385.7603580610413,False,0
657,384.249,40.44,0,4.161322622950819,388.41032262295084,False,0
658,384.336,60.89,4,5.4049183790965465,389.74091837909657,False,0
659,384.954,21.77,6,3.3677937978560486,388.32179379785606,False,0
660,386.945,60.89,1,7.285739785202864,394.23073978520284,False,0
661,387.875,49.11,2,4.415358061041292,392.2903580610413,False,0
662,388.239,49.11,3,5.199279746835443,393.4382797468354,False,0
663,389.97,40.44,0,4.161322622950819,394.13132262295085,False,0
664,391.9,60.89,4,5.4049183790965465,397.30491837909653,False,0
665,394.635,56.0,0,5.7555849180327865,400.3905849180328,False,0
666,394.875,49.11,1,5.880011861575179,400.75501186157516,False,0
667,395.56,60.89,2,5.4728086894075405,401.03280868940755,False,0
668,396.484,56.0,3,5.926072995780591,402.4100729957806,False,0
669,396.646,21.77,5,3.5166,400.1626,False,0
670,396.917,60.89,6,9.358605436447167,406.27560543644717,False,0
671,397.429,60.89,4,5.4049183790965465,402.83391837909653,False,0
672,398.385,49.11,7,6.269563502538071,404.65456350253805,False,0
673,398.76,60.89,8,12.765163723849371,411.52516372384935,False,0
674,398.931,49.11,9,10.66195012987013,409.59295012987013,False,0
675,400.576,49.11,0,5.049642295081967,405.625642295082,False,0
676,400.681,49.11,5,7.912098392282958,408.59309839228297,False,0
677,404.526,60.89,1,7.285739785202864,411.81173978520286,False,0
678,404.874,60.89,2,5.4728086894075405,410.34680868940757,False,0
679,405.365,60.89,3,6.441895780590717,411.8068957805907,False,0
680,406.44,60.89,0,6.256609508196721,412.69660950819673,False,0
681,406.698,60.89,4,5.4049183790965465,412.10291837909654,False,0
682,407.387,60.89,6,9.358605436447167,416.7456054364472,False,0
683,407.686,60.89,7,7.7644873604060916,415.45048736040604,False,0
684,407.93,60.89,10,7.760125857687421,415.6901258576874,False,0
685,408.376,60.89,11,10.37518217687075,418.7511821768707,False,0
686,408.805,60.89,5,9.805989067524116,418.61098906752414,False,0
687,408.812,49.11,12,16.684267627118643,425.49626762711864,False,0
688,409.228,60.89,13,21.27100787456446,430.4990078745645,False,0
689,409.562,60.89,9,13.21173367965368,422.7737336796537,False,0
690,411.591,40.44,2,3.6370815798922798,415.22808157989226,False,0
691,411.696,49.11,8,10.300728577405856,421.99672857740586,False,0
692,412.869,84.44,0,8.669519344262294,421.53851934426234,False,0
693,412.993,60.89,1,7.285739785202864,420.27873978520284,False,0
694,413.849,60.89,3,6.441895780590717,420.2908957805907,False,0
695,414.936,49.11,4,4.3615171390611165,419.2975171390611,False,0
696,417.75,21.77,2,1.9611390305206462,419.71113903052066,False,0
697,417.863,60.89,6,9.358605436447167,427.2216054364472,False,0
698,417.948,60.89,7,7.7644873604060916,425.71248736040604,False,0
699,418.885,49.11,5,7.912098392282958,426.797098392283,False,0
700,420.855,60.89,1,7.285739785202864,428.14073978520287,False,0
701,420.916,84.44,2,7.586812280071813,428.5028122800718,False,0
702,421.12,60.89,3,6.441895780590717,427.5618957805907,False,0
703,421.203,60.89,4,5.4049183790965465,426.60791837909653,False,0
704,423.204,49.11,0,5.049642295081967,428.253642295082,False,0
705,423.494,60.89,8,12.765163723849371,436.2591637238494,False,0
706,424.911,60.89,9,13.21173367965368,438.12273367965366,False,0
707,424.923,60.89,10,7.760125857687421,432.6831258576874,False,0
708,426.57,10.0,7,1.306365532994924,427.8763655329949,False,0
709,427.094,49.11,4,4.3615171390611165,431.4555171390611,False,0
710,429.054,60.89,0,6.256609508196721,435.3106095081967,False,0
711,429.817,49.11,1,5.880011861575179,435.69701186157516,False,0
712,430.661,60.89,2,5.4728086894075405,436.13380868940754,False,0
713,433.738,60.89,3,6.441895780590717,440.1798957805907,False,0
714,433.78,49.11,4,4.3615171390611165,438.1415171390611,False,0
715,433.817,60.89,5,9.805989067524116,443.62298906752414,False,0
716,434.361,40.44,6,6.226905589586523,440.5879055895865,False,0
717,436.307,60.89,0,6.256609508196721,442.56360950819675,False,0
718,436.389,49.11,1,5.880011861575179,442.26901186157517,False,0
719,436.97,60.89,2,5.4728086894075405,442.44280868940757,False,0
720,438.281,60.89,4,5.4049183790965465,443.68591837909656,False,0
721,439.921,49.11,7,6.269563502538071,446.19056350253805,False,0
722,440.887,60.89,3,6.441895780590717,447.3288957805907,False,0
723,441.055,49.11,6,7.554623813169984,448.60962381317,False,0
724,441.674,49.11,8,10.300728577405856,451.9747285774058,False,0
725,441.699,49.11,9,10.66195012987013,452.36095012987016,False,0
726,441.889,60.89,10,7.760125857687421,449.6491258576874,False,0
727,442.455,60.89,1,7.285739785202864,449.74073978520283,False,0
728,442.603,60.89,0,6.256609508196721,448.85960950819674,False,0
729,442.634,49.11,2,4.415358061041292,447.0493580610413,False,0
730,443.545,60.89,11,10.37518217687075,453.92018217687075,False,0
731,443.605,10.0,12,3.426640508474576,447.0316405084746,False,0
732,445.825,10.0,4,0.8973895925597876,446.72238959255975,False,0
733,446.358,49.11,5,7.912098392282958,454.270098392283,False,0
734,446.661,60.89,7,7.7644873604060916,454.42548736040607,False,0
735,447.055,60.89,2,5.4728086894075405,452.52780868940755,False,0
736,447.826,60.89,3,6.441895780590717,454.2678957805907,False,0
737,447.977,49.11,4,4.3615171390611165,452.3385171390611,False,0
738,448.424,49.11,12,16.684267627118643,465.1082676271186,False,0
739,449.387,49.11,0,5.049642295081967,454.436642295082,False,0
740,449.435,49.11,6,7.554623813169984,456.98962381317,False,0
741,449.872,60.89,1,7.285739785202864,457.15773978520286,False,0
742,449.886,60.89,10,7.760125857687421,457.6461258576874,False,0
743,450.059,60.89,13,21.27100787456446,471.3300078745645,False,0
744,450.401,49.11,14,18.799244809160307,469.2002448091603,False,0
745,451.155,60.89,8,13.558222301255233,464.7132223012552,False,0
746,451.518,84.44,9,19.120006406926446,470.6380064069264,False,0
747,452.071,49.11,4,4.617384278122182,456.6883842781222,False,0
748,452.254,60.89,2,5.739697378815068,457.9936973788151,False,0
749,452.264,60.89,11,12.011624353741503,464.27562435374153,False,0
750,452.305,60.89,5,11.754487459807072,464.0594874598071,False,0
751,452.619,84.44,7,12.522223401015204,465.1412234010152,False,0
752,453.533,60.89,3,7.157891561181441,460.69089156118145,False,0
753,453.714,60.89,0,6.9613718032786895,460.67537180327867,False,0
754,455.143,49.11,6,9.36729762634,464.51029762634,False,0
755,456.81,49.11,4,4.3615171390611165,461.1715171390611,False,0
756,457.286,60.89,1,7.285739785202864,464.57173978520285,False,0
757,457.384,60.89,10,7.999101715374852,465.3831017153749,False,0
758,458.3,60.89,2,5.4728086894075405,463.77280868940755,False,0
759,458.334,49.11,12,23.421725254237263,481.7557252542373,False,0
760,459.425,60.89,3,7.688887341772163,467.11388734177217,False,0
761,460.899,49.11,0,5.049642295081967,465.948642295082,False,0
762,461.374,60.89,4,5.4049183790965465,466.7789183790966,True,1
763,461.861,49.11,8,13.126280878661072,474.98728087866107,False,0
764,462.409,49.11,5,9.545985852090046,471.95498585209003,False,0
765,462.549,60.89,11,12.082066530612284,474.63106653061226,False,0
766,463.424,10.0,2,1.2464747576301949,464.6704747576302,False,0
767,463.497,60.89,6,10.337953062787125,473.8349530627871,False,0
768,463.715,60.89,1,8.122849570405755,471.83784957040575,False,0
769,463.951,60.89,2,6.185363447037692,470.1363634470377,False,0
770,465.031,60.89,7,7.837380761421318,472.86838076142135,False,0
771,465.415,60.89,10,7.760125857687421,473.1751258576874,False,0
772,466.901,10.0,0,1.042470163934426,467.9434701639344,False,0
773,467.63,60.89,3,6.441895780590717,474.0718957805907,False,0
774,468.674,10.0,0,1.042470163934426,469.7164701639344,False,0
775,470.109,49.11,0,5.049642295081967,475.15864229508196,False,0
776,470.142,60.89,2,5.4728086894075405,475.61480868940754,False,0
777,470.992,60.89,4,5.4049183790965465,476.3969183790966,False,0
778,471.711,84.44,9,18.309136277056275,490.0201362770563,False,0
779,474.068,60.89,1,7.285739785202864,481.35373978520283,False,0
780,474.117,60.89,3,6.441895780590717,480.5588957805907,False,0
781,474.679,60.89,5,9.805989067524116,484.4849890675241,False,0
782,475.87,49.11,0,5.049642295081967,480.919642295082,False,0
783,476.539,60.89,2,5.4728086894075405,482.01180868940753,False,0
784,476.989,60.89,4,5.4049183790965465,482.39391837909653,False,0
785,477.905,60.89,6,9.358605436447167,487.26360543644716,False,0
786,479.648,49.11,7,6.269563502538071,485.9175635025381,False,0
787,479.943,60.89,8,12.765163723849371,492.70816372384934,False,0
788,480.373,60.89,10,7.760125857687421,488.1331258576874,False,0
789,480.547,49.11,3,5.199279746835443,485.74627974683546,False,0
790,481.804,49.11,0,5.049642295081967,486.85364229508195,False,0
791,482.288,49.11,1,5.880011861575179,488.16801186157517,False,0
792,482.67,60.89,2,5.4728086894075405,488.14280868940756,False,0
793,484.803,60.89,4,5.4049183790965465,490.20791837909655,False,0
794,485.065,60.89,5,9.805989067524116,494.87098906752414,False,0
795,485.474,60.89,11,10.37518217687075,495.8491821768707,False,0
796,486.459,60.89,3,6.441895780590717,492.9008957805907,False,0
797,486.887,60.89,0,6.256609508196721,493.14360950819673,False,0
798,488.552,60.89,1,7.285739785202864,495.83773978520287,False,0
799,488.945,60.89,2,5.4728086894075405,494.41780868940754,False,0
800,489.445,49.11,6,7.554623813169984,496.99962381317,False,0
801,490.05,49.11,7,6.269563502538071,496.3195635025381,False,0
802,490.098,49.11,9,10.66195012987013,500.75995012987016,False,0
803,491.95,60.89,4,5.4049183790965465,497.35491837909655,False,0
804,493.207,60.89,0,6.256609508196721,499.4636095081967,False,0
805,493.319,60.89,3,6.441895780590717,499.7608957805907,False,0
806,493.557,60.89,8,12.765163723849371,506.32216372384937,False,0
807,493.578,40.44,10,5.1616506353240155,498.739650635324,False,0
808,494.038,60.89,12,20.677487966101694,514.7154879661017,False,0
809,497.029,60.89,1,7.285739785202864,504.31473978520285,False,0
810,497.641,60.89,2,5.4728086894075405,503.11380868940756,False,0
811,497.682,49.11,4,4.3615171390611165,502.0435171390611,False,0
812,497.797,49.11,5,7.912098392282958,505.709098392283,False,0
813,498.692,60.89,6,9.358605436447167,508.0506054364472,False,0
814,498.738,40.44,7,5.169309695431472,503.9073096954315,False,0
815,499.573,21.77,0,2.248412786885246,501.8214127868852,False,0
816,501.06,60.89,3,6.441895780590717,507.5018957805907,False,0
817,501.398,49.11,9,10.66195012987013,512.0599501298701,False,0
818,502.242,60.89,0,6.256609508196721,508.49860950819675,False,0
819,502.376,60.89,4,5.4049183790965465,507.78091837909653,False,0
820,504.038,49.11,2,4.415358061041292,508.4533580610413,False,0
821,504.224,40.44,7,5.169309695431472,509.39330969543147,False,0
822,504.552,60.89,1,7.285739785202864,511.83773978520287,False,0
823,505.046,10.0,10,1.2937980304955528,506.33979803049556,False,0
824,505.06,60.89,11,10.37518217687075,515.4351821768707,False,0
825,506.056,60.89,5,9.805989067524116,515.8619890675241,False,0
826,509.99,49.11,0,5.049642295081967,515.039642295082,False,0
827,510.127,60.89,2,5.4728086894075405,515.5998086894075,False,0
828,510.234,60.89,3,6.441895780590717,516.6758957805907,False,0
829,511.329,84.44,4,7.490835119574846,518.8198351195748,False,0
830,512.665,60.89,1,7.285739785202864,519.9507397852028,False,0
831,513.472,49.11,6,7.554623813169984,521.02662381317,False,0
832,513.544,49.11,7,6.269563502538071,519.813563502538,False,0
833,514.783,21.77,8,4.58106330543933,519.3640633054393,False,0
834,515.163,21.77,0,2.248412786885246,517.4114127868853,False,0
835,515.182,49.11,9,10.66195012987013,525.8439501298701,True,1
836,516.454,60.89,2,5.4728086894075405,521.9268086894075,False,0
837,517.003,60.89,3,6.441895780590717,523.4448957805907,False,0
838,517.714,49.11,0,5.049642295081967,522.763642295082,False,0
839,517.972,49.11,5,7.912098392282958,525.8840983922829,False,0
840,518.028,49.11,10,6.263302477763659,524.2913024777637,False,0
841,519.297,60.89,4,5.4049183790965465,524.7019183790966,False,0
842,519.486,60.89,8,12.765163723849371,532.2511637238493,False,0
843,519.577,49.11,11,8.371780816326531,527.9487808163266,False,0
844,519.831,60.89,7,7.7644873604060916,527.5954873604061,False,0
845,520.292,49.11,1,5.880011861575179,526.1720118615752,False,0
846,520.465,60.89,12,20.677487966101694,541.1424879661017,False,0
847,520.504,21.77,13,7.640345853658536,528.1443458536586,False,0
848,521.606,10.0,6,1.5653435681470136,523.171343568147,False,0
849,521.654,60.89,14,23.295428015267177,544.9494280152671,False,0
850,522.684,60.89,2,5.4728086894075405,528.1568086894075,False,0
851,523.06,60.89,0,6.256609508196721,529.3166095081966,False,0
852,523.34,60.89,6,9.358605436447167,532.6986054364472,False,0
853,523.868,49.11,3,5.199279746835443,529.0672797468355,False,0
854,525.349,49.11,4,4.3615171390611165,529.7105171390612,False,0
855,525.581,60.89,10,7.760125857687421,533.3411258576874,False,0
856,525.669,60.89,9,13.454603809523865,539.1236038095238,False,0
857,525.815,60.89,5,9.858487459807,535.673487459807,False,0
858,526.182,49.11,1,5.880011861575179,532.0620118615752,False,0
859,526.243,60.89,13,23.117373728222965,549.3603737282231,False,0
860,526.314,60.89,11,11.990222993197316,538.3042229931973,False,0
861,526.342,49.11,7,7.485720862944196,533.8277208629441,False,0
862,527.192,60.89,2,6.430697378815042,533.622697378815,False,0
863,527.529,49.11,3,6.718659493670942,534.247659493671,False,0
864,528.308,60.89,0,7.247339016393395,535.5553390163934,False,0
865,528.712,60.89,4,6.39178551815772,535.1037855181577,False,0
866,529.567,60.89,8,15.422657447698725,544.9896574476987,False,0
867,530.264,60.89,1,9.064121646778048,539.3281216467781,False,0
868,530.464,60.89,6,11.559260872894312,542.0232608728944,False,0
869,530.505,49.11,10,9.0762783354511,539.5812783354511,False,0
870,531.584,49.11,7,8.475954365482306,540.0599543654822,False,0
871,531.635,49.11,2,6.3961354398563515,538.0311354398564,False,0
872,531.805,84.44,3,11.349832489451577,543.1548324894516,False,0
873,532.358,60.89,5,13.104876527331223,545.4628765273312,False,0
874,532.538,79.55,12,35.57058966101697,568.1085896610169,False,0
875,532.698,49.11,4,6.755652657218846,539.4536526572189,False,0
876,533.001,84.44,0,11.205978360655706,544.2069783606557,False,0
877,534.509,49.11,9,15.244473939393963,549.753473939394,False,0
878,534.801,60.89,11,13.858665170067983,548.659665170068,False,0
879,534.883,60.89,14,33.30688603053431,568.1898860305344,False,0
880,534.934,60.89,2,8.563024129263912,543.4970241292639,False,0
881,535.032,60.89,10,12.286254193138479,547.3182541931385,False,0
882,535.496,60.89,1,11.098231431980942,546.5942314319809,False,0
883,535.529,49.11,7,10.763187868020328,546.2921878680203,False,0
884,535.865,60.89,13,34.71140160278747,570.5764016027874,False,0
885,536.986,60.89,4,7.860921036315382,544.8469210363154,False,0
886,538.46,60.89,6,12.887916309341497,551.3479163093415,False,0
887,538.747,60.89,8,18.98115117154815,557.7281511715481,False,0
888,539.577,60.89,3,10.000828270042245,549.5778282700422,False,0
889,539.686,60.89,5,15.566265594855253,555.2522655948553,False,0
890,540.122,60.89,2,8.840912818671468,548.9629128186714,False,0
891,540.869,60.89,0,9.576707868852374,550.4457078688524,False,0
892,541.407,60.89,7,12.612345228426374,554.0193452284265,False,0
893,542.689,72.66,4,8.593704915854822,551.2827049158548,False,0
894,543.593,60.89,1,10.267341217183825,553.8603412171838,False,0
895,545.148,60.89,10,9.907230050825913,555.0552300508259,False,0
896,546.61,49.11,11,10.401705986394543,557.0117059863945,False,0
897,546.833,60.89,9,16.10012761904769,562.9331276190477,False,0
898,550.96,49.11,0,5.049642295081967,556.009642295082,False,0
899,551.093,49.11,2,4.415358061041292,555.5083580610412,False,0
900,551.454,49.11,3,5.199279746835443,556.6532797468354,False,0
901,551.455,60.89,4,5.4049183790965465,556.8599183790966,False,0
902,552.131,60.89,6,9.358605436447167,561.4896054364472,False,0
903,553.178,60.89,1,7.948451002386651,561.1264510023866,False,0
904,553.887,60.89,7,7.859502588832562,561.7465025888325,False,0
905,554.024,60.89,5,11.017654662379407,565.0416546623794,False,0
906,554.164,40.44,10,6.029730686149964,560.1937306861499,False,0
907,554.197,60.89,2,6.777246750448791,560.9742467504487,False,0
908,554.915,49.11,0,6.126404590164007,561.041404590164,False,0
909,555.094,60.89,11,12.273148163265256,567.3671481632653,False,0
910,555.242,60.89,8,15.224644895397514,570.4666448953975,False,0
911,555.311,60.89,3,7.765275527426075,563.0762755274261,False,0
912,555.464,60.89,4,6.789186758193078,562.2531867581931,False,0
913,556.009,49.11,14,30.92516083969463,586.9341608396946,False,0
914,556.014,60.89,9,20.098781298701326,576.1127812987013,False,0
915,556.24,60.89,10,11.690706543837365,567.9307065438373,False,0
916,556.552,72.66,6,16.06471110260332,572.6167111026033,False,0
917,556.767,60.89,12,31.982267627118617,588.7492676271187,False,0
918,557.894,49.11,1,9.09283286396182,566.9868328639618,False,0
919,559.815,60.89,0,7.465134098360638,567.2801340983607,False,0
920,560.688,60.89,2,5.752135439856344,566.4401354398564,False,0
921,561.015,49.11,7,6.96373609137059,567.9787360913706,False,0
922,561.261,60.89,4,6.385455137289712,567.6464551372896,False,0
923,561.518,60.89,3,7.981271308016798,569.4992713080168,False,0
924,561.755,49.11,5,11.182153054662368,572.9371530546624,False,0
925,562.056,49.11,13,25.631899860627158,587.6878998606272,False,0
926,562.338,60.89,11,15.384590340136093,577.7225903401361,False,0
927,562.911,60.89,1,11.341942649164745,574.2529426491647,False,0
928,564.073,49.11,2,6.775573500897646,570.8485735008976,False,0
929,564.433,60.89,10,11.2346824015248,575.6676824015248,False,0
930,564.617,60.89,0,8.901863606557452,573.5188636065574,False,0
931,564.883,60.89,7,10.822893451776629,575.7058934517767,False,0
932,565.032,60.89,8,18.1731386192468,583.2051386192468,False,0
933,566.985,60.89,4,6.054723516386211,573.0397235163862,False,0
934,568.674,40.44,3,5.091094092826978,573.765094092827,False,0
935,569.974,60.89,2,6.340462190305119,576.3144621903052,False,0
936,571.219,60.89,6,10.722366539050457,581.9413665390505,False,0
937,571.716,60.89,5,11.010542122186473,582.7265421221865,False,0
938,572.112,10.0,4,1.8134631089460465,573.925463108946,False,0
939,572.846,60.89,0,6.911593114754129,579.7575931147542,False,0
940,574.14,49.11,3,5.199279746835443,579.3392797468355,False,0
941,574.309,60.89,1,7.285739785202864,581.5947397852028,False,0
942,574.888,60.89,4,5.4049183790965465,580.2929183790966,False,0
943,575.513,60.89,10,7.891658259212179,583.4046582592122,False,0
944,576.023,49.11,7,6.269563502538071,582.2925635025381,False,0
945,576.302,60.89,9,13.21173367965368,589.5137336796537,False,0
946,576.476,40.44,2,3.6370815798922798,580.1130815798923,False,0
947,576.978,49.11,11,9.096631156462637,586.0746311564626,False,0
948,577.226,60.89,3,8.536275527426147,585.7622755274261,False,0
949,577.302,60.89,0,8.694322622950834,585.9963226229509,False,0
950,577.596,60.89,14,32.57861885496181,610.1746188549619,False,0
951,577.814,60.89,2,7.764970269299854,585.5789702692998,False,0
952,578.185,40.44,4,5.6898492914084144,583.8748492914084,False,0
953,578.237,60.89,8,17.706632343096246,595.9436323430962,False,0
954,578.371,60.89,6,12.895021975497693,591.2660219754977,False,0
955,578.604,21.77,1,5.588591813842408,584.1925918138425,False,0
956,578.63,60.89,5,13.885931189710604,592.5159311897106,False,0
957,578.78,60.89,13,30.123927735191682,608.9039277351917,False,0
958,579.018,49.11,7,9.506797005076137,588.5247970050762,False,0
959,579.682,49.11,12,25.714725254237294,605.3967252542373,False,0
960,581.737,60.89,10,9.404634116899667,591.1416341168996,False,0
961,581.991,49.11,1,8.061973675417644,590.0529736754177,False,0
962,583.386,49.11,4,4.83871643046951,588.2247164304695,False,0
963,583.47,60.89,11,12.960073333333312,596.4300733333333,False,0
964,583.864,60.89,3,8.321271308016833,592.1852713080168,False,0
965,584.265,56.0,2,6.34090025134651,590.6059002513465,False,0
966,584.949,49.11,0,6.079084918032869,591.0280849180328,False,0
967,585.098,60.89,9,17.595387359307423,602.6933873593074,False,0
968,585.133,49.11,7,9.6240305076142,594.7570305076142,False,0
969,585.513,49.11,4,7.061583569530559,592.5745835695305,False,0
970,586.055,60.89,1,11.264083460620544,597.3190834606205,False,0
971,586.18,60.89,6,14.410677411944896,600.5906774119449,False,0
972,586.224,60.89,10,12.654609974587006,598.8786099745871,False,0
973,587.636,49.11,5,12.775429581993587,600.4114295819935,False,0
974,587.639,60.89,0,9.627814426229536,597.2668144262295,False,0
975,588.061,60.89,2,8.010788940754,596.071788940754,False,0
976,590.545,49.11,3,6.8206510548523465,597.3656510548523,False,0
977,591.572,60.89,4,6.395851948627136,597.9678519486272,False,0
978,591.89,60.89,8,16.792126066945603,608.6821260669456,False,0
979,592.675,60.89,7,9.809187868020377,602.4841878680203,False,0
980,592.766,60.89,11,14.019515510204124,606.785515510204,False,0
981,592.77,49.11,2,7.710227001795346,600.4802270017954,False,0
982,592.982,72.66,1,13.007727852028633,605.9897278520286,False,0
983,593.021,49.11,12,29.023182881355993,622.0441828813559,False,0
984,593.19,49.11,3,9.356030801687695,602.5460308016877,False,0
985,593.646,49.11,0,8.652576721311556,602.2985767213115,False,0
986,594.285,60.89,10,12.330585832274501,606.6155858322745,False,0
987,594.327,60.89,5,15.873818649517673,610.2008186495177,False,0
988,594.388,60.89,9,21.485041038961022,615.8730410389611,False,0
989,595.205,60.89,4,8.156120327723645,603.3611203277237,False,0
990,595.431,60.89,6,14.48433284839197,609.915332848392,False,0
991,595.705,49.11,13,30.31042599303133,626.0154259930314,False,0
992,596.1,49.11,14,32.8188936641221,628.9188936641222,False,0
993,596.104,60.89,2,9.842115691202824,605.9461156912029,False,0
994,596.906,49.11,7,11.810421370558451,608.7164213705584,False,0
995,597.642,60.89,0,10.895306229508183,608.5373062295082,False,0
996,598.568,60.89,3,10.401026582278483,608.9690265822785,False,0
997,598.58,49.11,11,16.557556326530573,615.1375563265306,False,0
998,599.448,60.89,8,21.97261979079498,621.420619790795,False,0
999,600.0,49.11,4,7.710987466784802,607.7109874667848,False,0
